评论内容,来源,评分
这个产品的电池续航非常好，用了一整天都不用充电，太棒了！,用户A,5
屏幕显示效果很清晰，但是有点重，拿久了手会累,用户B,4
价格有点贵，不过性能确实不错，整体还是值得的,用户C,4
外观设计很漂亮，颜值很高，朋友们都说好看,用户D,5
充电速度太慢了，希望能改进一下充电技术,用户E,3
音质表现超出预期，听音乐很享受，低音效果特别好,用户F,5
操作界面有点复杂，新手不太容易上手,用户G,3
材质手感很好，做工精细，质量让人放心,用户H,5
电池容量还可以，但是充电接口设计不太合理,用户I,3
整体性价比很高，功能齐全，推荐购买,用户J,4
屏幕亮度在阳光下看不清楚，希望能提高亮度,用户K,3
外观时尚，但是容易留指纹，需要经常擦拭,用户L,4
性能很强大，运行流畅，没有卡顿现象,用户M,5
价格合理，功能实用，是个不错的选择,用户N,4
充电线质量不好，用了几个月就坏了,用户O,2
音响效果一般，没有想象中那么好,用户P,3
界面设计简洁，操作方便，用户体验不错,用户Q,4
电池寿命长，待机时间久，很满意,用户R,5
外壳材质感觉有点廉价，希望能用更好的材料,用户S,3
整体来说是个好产品，值得推荐给朋友,用户T,4